{
  "62COPAwmyKA": {
    "user_name": "stephen packwood",
    "user_url": "https://unsplash.com/@theindoorexplorer?utm_source=unsample&utm_medium=referral&utm_campaign=api-credit",
    "photo_url": "https://unsplash.com/photos/62COPAwmyKA?utm_source=unsample&utm_medium=referral&utm_campaign=api-credit"
  },
  "O-v6LWnU0OU": {
    "user_name": "Maddi Bazzocco",
    "user_url": "https://unsplash.com/@maddibazzocco?utm_source=unsample&utm_medium=referral&utm_campaign=api-credit",
    "photo_url": "https://unsplash.com/photos/O-v6LWnU0OU?utm_source=unsample&utm_medium=referral&utm_campaign=api-credit"
  },
  "z0DHUeJNHzk": {
    "user_name": "Helena Lopes",
    "user_url": "https://unsplash.com/@wildlittlethingsphoto?utm_source=unsample&utm_medium=referral&utm_campaign=api-credit",
    "photo_url": "https://unsplash.com/photos/z0DHUeJNHzk?utm_source=unsample&utm_medium=referral&utm_campaign=api-credit"
  },
  "StshCQNZ5M4": {
    "user_name": "Ava Sol",
    "user_url": "https://unsplash.com/@avasol?utm_source=unsample&utm_medium=referral&utm_campaign=api-credit",
    "photo_url": "https://unsplash.com/photos/StshCQNZ5M4?utm_source=unsample&utm_medium=referral&utm_campaign=api-credit"
  },
  "9q1wKCBNOO0": {
    "user_name": "Tomáš Malík",
    "user_url": "https://unsplash.com/@malcoo?utm_source=unsample&utm_medium=referral&utm_campaign=api-credit",
    "photo_url": "https://unsplash.com/photos/9q1wKCBNOO0?utm_source=unsample&utm_medium=referral&utm_campaign=api-credit"
  }
}